{
  "project_info": {
    "project_number": "786737195120",
    "project_id": "inventory-app-75dfe",
    "storage_bucket": "inventory-app-75dfe.firebasestorage.app"
  },
  "client": [
    {
      "client_info": {
        "mobilesdk_app_id": "1:786737195120:android:1bdd9c4b64de6effacecb5",
        "android_client_info": {
          "package_name": "com.exam"
        }
      },
      "oauth_client": [],
      "api_key": [
        {
          "current_key": "AIzaSyARuw5kX5lFPg5kqFfLeGAKu1F52BFQ_S0"
        }
      ],
      "services": {
        "appinvite_service": {
          "other_platform_oauth_client": []
        }
      }
    },
    {
      "client_info": {
        "mobilesdk_app_id": "1:786737195120:android:fecf9c638b58c3e5acecb5",
        "android_client_info": {
          "package_name": "com.example.inventory_app"
        }
      },
      "oauth_client": [],
      "api_key": [
        {
          "current_key": "AIzaSyARuw5kX5lFPg5kqFfLeGAKu1F52BFQ_S0"
        }
      ],
      "services": {
        "appinvite_service": {
          "other_platform_oauth_client": []
        }
      }
    }
  ],
  "configuration_version": "1"
}