{"flutter":{"platforms":{"android":{"default":{"projectId":"inventory-app-75dfe","appId":"1:786737195120:android:1bdd9c4b64de6effacecb5","fileOutput":"android/app/google-services.json"}},"dart":{"lib/firebase_options.dart":{"projectId":"inventory-app-75dfe","configurations":{"android":"1:786737195120:android:1bdd9c4b64de6effacecb5","ios":"1:786737195120:ios:4bd5e0f56887494dacecb5","macos":"1:786737195120:ios:4bd5e0f56887494dacecb5","web":"1:786737195120:web:109420899b37a3e0acecb5","windows":"1:786737195120:web:d21640fa4baf443eacecb5"}}}}}}